역번호,역사명,노선번호,노선명,영문역사명,한자역사명,환승역구분,환승노선번호,환승노선명,역위도,역경도,운영기관명,역사도로명주소,역사전화번호,데이터기준일자
116,부산원동역,k0211,동해선,Busanwondong,釜山院洞,일반역,,,35.362703,128.920499,한국철도공사,부산시 동래구 안락동 52-2,1544-7788,2020-12-31
336,임진강역,k0203,경의중앙선,Imjingang,臨津江,일반역,,,37.888364,126.746777,한국철도공사,경기도 파주시 문산읍 임진각로 115(문산읍),1544-7788,2020-12-31
313,서울역,k0203,경의중앙선,Seoul station,,환승역,,경의/1/4,37.554713,126.970787,한국철도공사,서울시 용산구 한강대로 405,1544-7788,2020-12-31
314,신촌역,k0203,경의중앙선,Sinchon,新 村,일반역,,,37.559768,126.942308,한국철도공사,서울특별시 서대문구 대현동 74-12,1544-7788,2020-12-31
315,가좌역,k0203,경의중앙선,Gajwa,加 佐,환승역,,,37.568611,126.914841,한국철도공사,서울시 서대문구 수색로 27(남가좌동),1544-7788,2020-12-31
311,효창공원앞역,k2031,경의중앙선,hyochang park,孝昌公圓앞,환승역,,경의중앙/6,37.539289,126.961339,한국철도공사,서울시 용산구 용문동 5-133,1544-7788,2020-12-31
312,공덕역,k0203,경의중앙선,Gongdeok,孔德,환승역,,5/6/경의중앙,37.542611,126.952134,한국철도공사,서울시 마포구 공덕동 마포대로 자하100,1544-7788,2020-12-31
313,서강대역,k0203,경의중앙선,Sogang Univ,西江大,일반역,,,37.552132,126.935389,한국철도공사,서울시 마포구 서강로 지하118,1544-7788,2020-12-31
314,홍대입구역,k2031,경의중앙선,Hongik Univ.,弘大入口,환승역,,2/공항/경의중앙,37.55808,126.925533,한국철도공사,서울시 마포구 양화로 지하 188,1544-7788,2020-12-31
316,디지털미디어시티역,k0203,경의중앙선,Digital Media City,디지털미디어시티,환승역,,6/공항/경의중앙,37.577964,126.900421,한국철도공사,서울시 은평구 수색로 193(수색동 37-2),1544-7788,2020-12-31
317,수색역,k0203,경의중앙선,Susaek,水 色,일반역,,,37.580855,126.895681,한국철도공사,서울시 은평구 수색로 261-1,1544-7788,2020-12-31
318,화전역,k0203,경의중앙선,Hwajeon,花 田,일반역,,,37.637837,126.832503,한국철도공사,경기도 고양시 덕양구 화랑로 53(화전동 183-10),1544-7788,2020-12-31
319,강매역,k0203,경의중앙선,Gangmae,江 梅,일반역,,,37.612596,126.845437,한국철도공사,경기도 고양시 덕양구 행신동 108-5,1544-7788,2020-12-31
320,행신역,k0203,경의중앙선,Haengsin,幸 信,일반역,,,37.612125,126.834063,한국철도공사,경기도 고양시 덕양구 행신동 충경로 124번지(행신2동 812),1544-7788,2020-12-31
321,능곡역,k0203,경의중앙선,Neunggok,陵 谷,일반역,,,37.618741,126.820845,한국철도공사,경기도 고양시 덕양구 토당로 35(토당동 454-3),1544-7788,2020-12-31
323,곡산역,k0203,경의중앙선,Goksan,谷 山,일반역,,,37.645729,126.801877,한국철도공사,경기도 고양시 일산동구 경의로 160(백석동),1544-7788,2020-12-31
324,백마역,k0203,경의중앙선,Baengma,白 馬,일반역,,,37.658346,126.794401,한국철도공사,경기도 고양시 일산동구 경의로 318(풍동 482-8),1544-7788,2020-12-31
325,풍산역,k0203,경의중앙선,Pungsan,楓山,일반역,,,37.672173,126.786355,한국철도공사,경기도 고양시 일산동구 경의로 486(풍동),1544-7788,2020-12-31
326,일산역,k0203,경의중앙선,Ilsan,一 山,일반역,,,37.682231,126.769521,한국철도공사,경기도 고양시 일산서구 경의로 672,1544-7788,2020-12-31
327,탄현역,k0203,경의중앙선,Tanhyeon,炭 峴,일반역,,,37.694114,126.761075,한국철도공사,경기도 고양시 일산서구 경의로 856(덕이동),1544-7788,2020-12-31
328,야당역,k0203,경의중앙선,Yadang,野?,일반역,,,37.712749,126.761535,한국철도공사,경기도 파주시 야당동 836번지,1544-7788,2020-12-31
116,왕십리역,k0205,경의중앙선,Wangsimni,往十里,환승역,k0205+k0304,경의중앙/분당/2/5,37.561128,127.035505,한국철도공사,서울시 성동구 왕십리 광장로 17(행당동),1544-7788,2020-12-31
117,청량리역,k0205,경의중앙선,Cheongnyangni,淸凉里,환승역,k0205+k0210,경원/경춘/1,37.580543,127.046516,한국철도공사,서울시 동대문구 왕산로 214,1544-7788,2020-12-31
123,회기역,k0205,경원선,Hoegi,回 基,환승역,k0205+k0210,경의중앙/경춘/1,37.589802,127.057936,한국철도공사,서울시 동대문구 회기로196(휘경동 317-101),1544-7788,2020-12-31
122,외대앞역,k0205,경원선,Hankuk Univ. of Foreign Studies,外大앞,일반역,,,37.596157,127.063572,한국철도공사,서울시 동대문구 휘경로 27(이문동 360-5),1544-7788,2020-12-31
121,신이문역,k0205,경원선,Sinimun,新里門,일반역,,,37.601829,127.067347,한국철도공사,서울시 동대문구 한천로 472(이문로 7),1544-7788,2020-12-31
120,석계역,k0205,경원선,Seokgye,石 溪,환승역,,경원/6,37.615206,127.065594,한국철도공사,서울시 노원구 화랑로 314(월계동 36-4),1544-7788,2020-12-31
119,광운대역,k0205,경원선,Kwangwoon Univ.,城 北,환승역,,경춘/1,37.623635,127.061975,한국철도공사,서울시 노원구 석계로 98-2(광운대역),1544-7788,2020-12-31
118,월계역,k0205,경원선,Wolgye,月 溪,일반역,,,37.633114,127.058835,한국철도공사,서울시 노원구 월계로 53길 40(월계2동 261),1544-7788,2020-12-31
117,녹천역,k0205,경원선,Nokcheon,鹿 川,일반역,,,37.644599,127.051406,한국철도공사,서울시 도봉구 덕릉로 376(창동),1544-7788,2020-12-31
116,창동역,k0205,경원선,Chang-dong,倉 洞,환승역,,경원/4,37.653181,127.047663,한국철도공사,서울시 도봉구 마들로 11길 77(창1동 135-86),1544-7788,2020-12-31
115,방학역,k0205,경원선,Banghak,放 鶴,일반역,,,37.667471,127.044295,한국철도공사,서울시 도봉구 도봉로 150다길 3,1544-7788,2020-12-31
114,도봉역,k0205,경원선,Dobong,道 峰,일반역,,,37.679441,127.045521,한국철도공사,서울시 도봉구 도봉로 170길 2,1544-7788,2020-12-31
113,도봉산역,k0205,경원선,Dobongsan,道峰山,환승역,,경원/7,37.689603,127.046347,한국철도공사,서울시 도봉구 도봉로 964-33,1544-7788,2020-12-31
112,망월사역,k0205,경원선,Mangwolsa,望月寺,일반역,,,37.710499,127.047361,한국철도공사,경기도 의정부시 회룡로 111(호원동),1544-7788,2020-12-31
111,회룡역,k0205,경원선,Hoeryong,回 龍,환승역,,경원/경전철,37.724037,127.047319,한국철도공사,경기도 의정부시 평화로 363,1544-7788,2020-12-31
110,의정부역,k0205,경원선,Uijeongbu,議政府,일반역,,,37.73873,127.045891,한국철도공사,경기도 의정부시 평화로 525,1544-7788,2020-12-31
109,가능역,k0205,경원선,Ganeung,佳 陵,일반역,,,37.748362,127.044251,한국철도공사,경기도 의정부시 평화로 633,1544-7788,2020-12-31
108,녹양역,k0205,경원선,Nogyang,綠 楊,일반역,,,37.759416,127.042272,한국철도공사,경기도 의정부시 평화로 757(녹양동 973),1544-7788,2020-12-31
107,양주역,k0205,경원선,Yangju,楊 州,일반역,,,37.774281,127.044719,한국철도공사,경기도 양주시 평화로 919(남방동 94-1),1544-7788,2020-12-31
106,덕계역,k0205,경원선,Deokgye,德 溪,일반역,,,37.818761,127.056676,한국철도공사,경기도 양주시 고덕로 139번길 317번지,1544-7788,2020-12-31
105,덕정역,k0205,경원선,Deokjeong,德 亭,일반역,,,37.843216,127.061511,한국철도공사,경기도 양주시 화합로 1356,1544-7788,2020-12-31
104,지행역,k0205,경원선,Jihaeng,紙 杏,일반역,,,37.892361,127.055734,한국철도공사,경기도 동두천시 평화로 2285(지행동),1544-7788,2020-12-31
103,동두천중앙역,k0205,경원선,Dongducheon jungang,東豆川中央,일반역,,,37.901818,127.056528,한국철도공사,경기도 동두천시 동두천로 228(생연동 682),1544-7788,2020-12-31
102,보산역,k0205,경원선,Bosan,保 山,일반역,,,37.914268,127.057134,한국철도공사,경기도 동두천시 평화로 2539(보산동),1544-7788,2020-12-31
101,동두천역,k0205,경원선,Dongducheon,東豆川,일반역,,,37.927569,127.054825,한국철도공사,경기도 동두천시 평화로 2687(동두천동 245-210),1544-7788,2020-12-31
100,소요산역,k0205,경원선,Soyosan,逍遙山,일반역,,,37.948608,127.061007,한국철도공사,경기도 동두천시 평화로 2925(상봉암동 126),1544-7788,2020-12-31
119,중랑역,k0212,경의중앙선,Jungnang,中 浪,환승역,k0212+k0210,경의중앙/경춘,37.594948,127.076152,한국철도공사,서울특별시 중랑구 중화동 321-37,1544-7788,2020-12-31
120,상봉역,k0212,경의중앙선,Sangbong,,환승역,k0212+k0210,경의중앙/경춘/7,37.595254,127.085853,한국철도공사,서울시 중랑구 망우로 297(상봉1동 100-9번지),1544-7788,2020-12-31
121,망우역,k0212,경의중앙선,Mangu,忘 憂,환승역,k0212+k0210,경의중앙/경춘,37.599288,127.092318,한국철도공사,서울시 중랑구 망우로 55길 11-10,1544-7788,2020-12-31
122,양원역,k0212,경의중앙선,Yangwon,養 源,일반역,,,36.963209,129.091131,한국철도공사,서울시 중랑구 송림길 147(망우동),1544-7788,2020-12-31
138,지평역,k0212,경의중앙선,jipyeong,,일반역,,,37.476496,127.629681,한국철도공사,경기도 양평군 지평면 지평역길 32,1544-7788,2020-12-31
123,구리역,k0212,경의중앙선,Guri,九 里,일반역,,,37.503178,126.882037,한국철도공사,경기도 구리시 건원대로 34번길 32-29(인창동 244-2),1544-7788,2020-12-31
124,도농역,k0212,경의중앙선,Donong,陶 農,일반역,,,37.608756,127.161105,한국철도공사,경기도 남양주시 경춘로 433(도농동 56-1),1544-7788,2020-12-31
125,양정역,k0212,경의중앙선,Yangjeong,養 正,일반역,,,37.604269,127.194602,한국철도공사,경기도 남양주시 경강로 237(이패동 398-32),1544-7788,2020-12-31
126,덕소역,k0212,경의중앙선,Deokso,德 沼,일반역,,,37.586892,127.208835,한국철도공사,경기도 남양주시 와부읍 덕서로 56(덕소리 590-17),1544-7788,2020-12-31
127,도심역,k0212,경의중앙선,Dosim,陶 深,일반역,,,37.579628,127.222798,한국철도공사,경기도 남양주시 와부읍 덕소로 237(도곡리 1024-2),1544-7788,2020-12-31
128,팔당역,k0212,경의중앙선,Paldang,八 堂,일반역,,,37.547321,127.243896,한국철도공사,경기도 남양주시 와부읍 팔당로 107번길,1544-7788,2020-12-31
129,운길산역,k0212,경의중앙선,Ungilsan,蕓吉山,일반역,,,37.554659,127.310089,한국철도공사,경기도 남양주시 조안면 진중리 255-1,1544-7788,2020-12-31
130,양수역,k0212,경의중앙선,Yangsu,兩 水,일반역,,,37.545998,127.328948,한국철도공사,경기도 양평군 양서면 목왕로 55-10,1544-7788,2020-12-31
131,신원역,k0212,경의중앙선,Sinwon,新 院,일반역,,,37.525921,127.372745,한국철도공사,경기도 양평군 양서면 신원역길 5-3,1544-7788,2020-12-31
132,국수역,k0212,경의중앙선,Guksu,菊 秀,일반역,,,37.516171,127.399402,한국철도공사,경기도 양평군 양서면 국수역길 45,1544-7788,2020-12-31
133,아신역,k0212,경의중앙선,Asin,我 新,일반역,,,37.513954,127.443238,한국철도공사,경기도 양평군 옥천면 아신역길 1길 23-3,1544-7788,2020-12-31
134,오빈역,k0212,경의중앙선,Obin,梧濱,일반역,,,37.506061,127.474053,한국철도공사,경기도 양평군 양평읍 덕바위길 29번길,1544-7788,2020-12-31
135,양평역,k0212,경의중앙선,Yangpyeong,楊 平,일반역,,,37.492674,127.491858,한국철도공사,경기도 양평군 양평읍 양근리 137,1544-7788,2020-12-31
136,원덕역,k0212,경의중앙선,Wondeok,元 德,일반역,,,37.468585,127.547468,한국철도공사,경기도 양평군 양평읍 원덕흑천길 136,1544-7788,2020-12-31
137,용문역,k0212,경의중앙선,Yongmun,龍 門,일반역,,,37.482085,127.594251,한국철도공사,경기도 양평군 용문면 용문역길 18,1544-7788,2020-12-31
211,서울숲역,k0304,분당선,Seoul-forest,,일반역,,,37.543647,127.044686,한국철도공사,서울시 성동구 왕십리로 지하 77,1544-7788,2020-12-31
212,압구정로데오역,k0304,분당선,Apgujeongrodeo,,일반역,,,37.527385,127.040555,한국철도공사,서울시 강남구 압구정동 495(강남구 압구정로 지하 402),1544-7788,2020-12-31
213,강남구청역,k0304,분당선,Gangnam-gu Office,江南區廳,환승역,,분당/7,37.517172,127.041275,한국철도공사,서울시 강남구 학동로 지하 364,1544-7788,2020-12-31
214,선정릉역,k0304,분당선,Seonjeongneung,,환승역,,분당/9,37.510275,127.043817,한국철도공사,서울시 강남구 선릉로 지하 580(삼성동),1544-7788,2020-12-31
215,선릉역,k0304,분당선,Seolleung,宣 陵,환승역,,분당/2,37.504479,127.048941,한국철도공사,서울시 강남구 테헤란로 지하 340,1544-7788,2020-12-31
216,한티역,k0304,분당선,Hanti,-,일반역,,,37.496208,127.052883,한국철도공사,서울시 강남구 선릉로 지하 228,1544-7788,2020-12-31
217,도곡역,k0304,분당선,Dogok,道 谷,환승역,k0304+k0218,분당/3,37.490914,127.055393,한국철도공사,서울시 강남구 남부순환로 지하 2814,1544-7788,2020-12-31
218,구룡역,k0304,분당선,Guryong,九 龍,일반역,,,37.486985,127.059496,한국철도공사,서울시 강남구 개포동 175번지,1544-7788,2020-12-31
219,개포동역,k0304,분당선,Gaepo-dong,開 浦 洞,일반역,,,37.489112,127.066027,한국철도공사,서울시 강남구 개포동 지하 420(개포동),1544-7788,2020-12-31
220,대모산입구역,k0304,분당선,Daemosan,大 母 山入 口,일반역,,,37.491347,127.072702,한국철도공사,서울시 강남구 일원동 611번지,1544-7788,2020-12-31
221,수서역,k0304,분당선,Suseo,水 西,환승역,k0304+k0218,분당/3,37.487633,127.101118,한국철도공사,서울시 강남구 광평로 지하 270(수서동),1544-7788,2020-12-31
222,복정역,k0304,분당선,Bokjeong,福 井,환승역,k0304+k0218,분당/8,37.469753,127.126627,한국철도공사,경기도 성남시 수정구 복정로 4,1544-7788,2020-12-31
223,가천대역,k0304,분당선,Gachon Univ.,,일반역,,,37.448784,127.126677,한국철도공사,경기도 성남시 수정구 태평1동 5113-9,1544-7788,2020-12-31
224,태평역,k0304,분당선,Taepyeong,太 平,일반역,,,37.439842,127.127746,한국철도공사,경기도 성남시 수정구 성남대로 지하 1229번지,1544-7788,2020-12-31
225,모란역,k0304,분당선,Moran,牡 丹,환승역,k0304+k0218,분당/8,37.432124,127.129064,한국철도공사,경기도 성남시 중원구 성남대로 지하 1147(성남동 1575),1544-7788,2020-12-31
226,야탑역,k0304,분당선,Yatap,野 塔,일반역,,,37.41132,127.128661,한국철도공사,경기도 성남시 성남대로 지하 903(야탑동 688-1),1544-7788,2020-12-31
227,이매역,k0304,분당선,Imae,二 梅,환승역,k0304+k0218,분당/경강,37.395846,127.128272,한국철도공사,경기도 성남시 성남대로 지하 738,1544-7788,2020-12-31
228,서현역,k0304,분당선,Seohyeon,書 峴,일반역,,,37.384931,127.123249,한국철도공사,경기도 성남시 분당구 성남대로 지하 601,1544-7788,2020-12-31
229,수내역,k0304,분당선,Sunae,藪 內,일반역,,,37.378435,127.114216,한국철도공사,경기도 성남시 분당구 성남대로 지하 491(수내동),1544-7788,2020-12-31
230,정자역,k0304,분당선,Jeongja,亭 子,환승역,,분당/신분당,37.366037,127.108091,한국철도공사,경기도 성남시 분당구 성남대로 지하 333(정자동),1544-7788,2020-12-31
231,미금역,k0304,분당선,Migeum,美 金,일반역,,,37.350078,127.108952,한국철도공사,경기도 성남시 수정구 성남대로 지하 156,1544-7788,2020-12-31
232,오리역,k0304,분당선,Ori,梧 里,일반역,,,37.339832,127.108985,한국철도공사,경기도 성남시 분당구 성남대로 지하 55(구미동 795),1544-7788,2020-12-31
233,죽전역,k0304,분당선,Jukjeon,竹 田,일반역,,,37.324575,127.107385,한국철도공사,경기도 용인시 수지구 포은대로 536(죽전동 1014),1544-7788,2020-12-31
234,보정역,k0304,분당선,Bojeong,寶 亭,일반역,,,37.31274,127.108219,한국철도공사,경기도 용인시 수지구 포은대로 536(죽전동 1014),1544-7788,2020-12-31
235,구성역,k0304,분당선,Guseong,駒 城,일반역,,,37.299013,127.105664,한국철도공사,경기도 용인시 기흥구 용구대로 2403,1544-7788,2020-12-31
236,신갈역,k0304,분당선,Singal,新 葛,일반역,,,37.286127,127.111311,한국철도공사,경기도 용인시 기흥구 기흥로 136,1544-7788,2020-12-31
237,기흥역,k0304,분당선,Giheung,器 興,환승역,k0304+k0218,분당/경전철,37.275657,127.115944,한국철도공사,경기도 용인시 중부대로 460,1544-7788,2020-12-31
238,상갈역,k0304,분당선,Sanggal,上 葛,일반역,,,37.261797,127.108718,한국철도공사,경기도 용인시 기흥구 금화로 지하 40,1544-7788,2020-12-31
239,청명역,k0304,분당선,Cheongmyeong,淸 明,일반역,,,37.259485,127.078945,한국철도공사,경기도 수원시 영통구 봉영로 지하 1670,1544-7788,2020-12-31
240,영통역,k0304,분당선,Yeongtong,靈 通,일반역,,,37.251521,127.071341,한국철도공사,경기도 수원시 영통구 봉영로 지하 1560,1544-7788,2020-12-31
241,망포역,k0304,분당선,Mangpo,網 浦,일반역,,,37.245793,127.057367,한국철도공사,경기도 수원시 영통구 봉영로 지하 1520,1544-7788,2020-12-31
242,매탄권선역,k0304,분당선,Maetan Gwonseon,梅灘勸善,일반역,,,37.252458,127.040824,한국철도공사,경기도 수원시 권선구 권선동 1308번지,1544-7788,2020-12-31
243,수원시청역,k0304,분당선,Suwon City Hall,水原市廳,일반역,,,37.261941,127.030736,한국철도공사,경기도 수원시 권선구 권선동 1122,1544-7788,2020-12-31
244,매교역,k0304,분당선,Maegyo,梅橋,일반역,,,37.265502,127.015657,한국철도공사,경기도 수원시 팔달구 매교동 173-22,1544-7788,2020-12-31
122,신내역,k0210,경춘선,Sinnae,新 內,일반역,,,37.612855,127.103277,한국철도공사,서울시 중랑구 망우동 320,1544-7788,2020-12-31
123,갈매역,k0210,경춘선,Galmae,葛 梅,일반역,,,37.634135,127.114803,한국철도공사,경기도 구리시 갈매동 경춘북로 229(갈매동 502-18),1544-7788,2020-12-31
124,별내역,k0210,경춘선,Byeollae,別 內,일반역,,,37.642221,127.127208,한국철도공사,경기도 남양주시 별내동 182-5,1544-7788,2020-12-31
125,퇴계원역,k0210,경춘선,Toegyewon,退溪院,일반역,,,37.648316,127.143858,한국철도공사,경기도 남양주시 퇴계원면 경춘북로 545(퇴계원리 218-8),1544-7788,2020-12-31
126,사릉역,k0210,경춘선,Sareung,思 陵,일반역,,,37.651145,127.176839,한국철도공사,경기도 남양주시 진건읍 진건우회로 72-8(사능리 590-2),1544-7788,2020-12-31
127,금곡역,k0210,경춘선,Geumgok,金 谷,일반역,,,37.637414,127.207931,한국철도공사,경기도 남양주시 경춘로 903(금곡동 404-276),1544-7788,2020-12-31
128,평내호평역,k0210,경춘선,PyeongnaeHopyeong,坪內好坪,일반역,,,37.653229,127.244452,한국철도공사,경기도 남양주시 경춘로 1375(평내동 156),1544-7788,2020-12-31
129,천마산역,k0210,경춘선,Cheonmasan,天摩山,일반역,,,37.658995,127.285731,한국철도공사,경기도 남양주시 화도읍 묵현리 320-25,1544-7788,2020-12-31
130,마석역,k0210,경춘선,Maseok,磨 石,일반역,,,37.652328,127.311713,한국철도공사,경기도 남양주시 화도읍 마석중앙로 83-14(마석우리 222-2),1544-7788,2020-12-31
131,대성리역,k0210,경춘선,Daeseong-ri,大成里,일반역,,,37.683909,127.379165,한국철도공사,경기도 가평군 청평면 경춘로 88(대성리 393),1544-7788,2020-12-31
132,청평역,k0210,경춘선,Cheongpyeong,淸 平,일반역,,,37.735484,127.426541,한국철도공사,경기도 가평군 청평면 청평역로 97-33(청평리 125-1),1544-7788,2020-12-31
133,상천역,k0210,경춘선,Sangcheon,上 泉,일반역,,,37.770405,127.4542,한국철도공사,경기도 가평군 청평면 상천역로 29(상천리 1261),1544-7788,2020-12-31
134,가평역,k0210,경춘선,Gapyeong,加 平,일반역,,,37.814515,127.510693,한국철도공사,경기도 가평군 가평읍 문화로 13-42(달전리 567),1544-7788,2020-12-31
135,굴봉산역,k0210,경춘선,Gulbongsan,屈峰山,일반역,,,37.832086,127.557732,한국철도공사,강원도 춘천시 남산면 서백길 192(백양리 588-30),1544-7788,2020-12-31
136,백양리역,k0210,경춘선,Baegyang-ri,白楊里,일반역,,,37.830881,127.589085,한국철도공사,강원도 춘천시 남산면 북한강변길 690(강촌리 680-7),1544-7788,2020-12-31
137,강촌역,k0210,경춘선,Gangchon,江 村,일반역,,,37.805728,127.634054,한국철도공사,강원도 춘춘시 남산면 강촌로 150(방곡리 409),1544-7788,2020-12-31
138,김유정역,k0210,경춘선,Gimyujeong,金裕貞,일반역,,,37.818475,127.714302,한국철도공사,강원도 춘천시 신동면 김유정로 1435(신동면 증리 859-3),1544-7788,2020-12-31
139,남춘천역,k0210,경춘선,Namchuncheon,南春川,일반역,,,37.864071,127.723761,한국철도공사,강원도 춘천시 영서로 2260(퇴계동 633-2),1544-7788,2020-12-31
140,춘천역,k0210,경춘선,Chuncheon,春 川,일반역,,,37.884391,127.716603,한국철도공사,강원도 춘천시 평화로 1(근화동 190),1544-7788,2020-12-31
410,판교역,k0218,경강선,Pangyo,板橋,환승역,k0304+k0218,경강/신분당,37.394798,127.111135,한국철도공사,경기도 성남시 분당구 백현동 19-2,1544-7788,2020-12-31
412,삼동역,k0218,경강선,Samdong,三洞,일반역,,,37.408731,127.203447,한국철도공사,경기도 광주시 중대동 304,1544-7788,2020-12-31
413,경기광주역,k0218,경강선,GyeonggiGwangju,京畿廣州,일반역,,,37.398974,127.253201,한국철도공사,경기도 광주시 역동 176-13,1544-7788,2020-12-31
414,초월역,k0218,경강선,Chowol,草月,일반역,,,37.373389,127.299996,한국철도공사,경기도 광주시 초월읍 쌍동리 213-15,1544-7788,2020-12-31
415,곤지암역,k0218,경강선,Gonjiam,昆池岩,일반역,,,37.350525,127.346186,한국철도공사,경기도 광주시 곤지암읍 곤지암리 353-1,1544-7788,2020-12-31
416,신둔도예촌역,k0218,경강선,Sindundoyechon,新屯陶藝村,일반역,,,37.315499,127.405251,한국철도공사,경기도 이천시 신둔면 남정리 375-4,1544-7788,2020-12-31
155,수원역,k0201,경부선,Suwon,水 原,환승역,k0304+k0201,경부/분당,37.266162,126.999821,한국철도공사,경기도 수원시 팔달구 덕영대로 924,1544-7788,2020-12-31
156,세류역,k0201,경부선,Seryu,細 柳,일반역,,,37.244102,127.013772,한국철도공사,경기도 수원시 권선구 정조로 387,1544-7788,2020-12-31
157,병점역,k0201,경부선,Byeongjeom,餠 店,환승역,k0201+k0201,경부/서동탄,37.206821,127.033268,한국철도공사,경기도 화성시 떡전골로 97,1544-7788,2020-12-31
157,서동탄역,k0201,경부선,Seodongtan,西東灘,일반역,,,37.195675,127.051893,한국철도공사,경기도 오산시 외삼미로 15번길 75-60,1544-7788,2020-12-31
158,세마역,k0201,경부선,Sema,洗 馬,일반역,,,37.187288,127.043279,한국철도공사,경기도 오산시 세마역로 88,1544-7788,2020-12-31
159,오산대역,k0201,경부선,Osan College,烏山大,일반역,,,37.169401,127.063081,한국철도공사,경기도 오산시 청학로 236,1544-7788,2020-12-31
160,오산역,k0201,경부선,Osan,烏 山,일반역,,,37.145472,127.066708,한국철도공사,경기도 오산시 오산동 역광장로 59,1544-7788,2020-12-31
161,진위역,k0201,경부선,Jinwi,振 威,일반역,,,37.109771,127.062342,한국철도공사,경기도 평택시 경기대로 1855,1544-7788,2020-12-31
162,송탄역,k0201,경부선,Songtan,松 炭,일반역,,,37.075376,127.054397,한국철도공사,경기도 평택시 신장동 송탄공원로 43,1544-7788,2020-12-31
164,지제역,k0201,경부선,Jije,芝 制,일반역,,,37.018822,127.070269,한국철도공사,경기도 평택시 경기대로 777,1544-7788,2020-12-31
163,서정리역,k0201,경부선,Seojeong-ri,西井里,일반역,,,37.056459,127.052844,한국철도공사,경기도 평택시 탄현로 51,1544-7788,2020-12-31
165,평택역,k0201,경부선,Pyeongtaek,平 澤,일반역,,,36.990559,127.085496,한국철도공사,경기도 평택시 평택로 51,1544-7788,2020-12-31
142,구일역,k0301,경인선,Guil,九 一,일반역,,,37.496273,126.869599,한국철도공사,서울시 구로구 구일로 133,1544-7788,2020-12-31
143,개봉역,k0301,경인선,Gaebong,開 峯,일반역,,,37.494698,126.858504,한국철도공사,서울시 구로구 경인로 40길 47,1544-7788,2020-12-31
144,오류동역,k0301,경인선,Oryu-dong,梧柳洞,일반역,,,37.4944,126.844551,한국철도공사,서울시 구로구 경인로 20길 13,1544-7788,2020-12-31
145,온수역,k0301,경인선,Onsu,溫 水,환승역,,경인/7,37.492267,126.823399,한국철도공사,서울시 구로구 부일로 872,1544-7788,2020-12-31
146,역곡역,k0301,경인선,Yeokgok,驛 谷,일반역,,,37.48514,126.811622,한국철도공사,경기도 부천시 원미구 역곡로 1(역곡동),1544-7788,2020-12-31
147,소사역,k0301,경인선,Sosa,素 砂,일반역,,,37.482755,126.795654,한국철도공사,경기도 부천시 소사구 경인로 363,1544-7788,2020-12-31
148,부천역,k0301,경인선,Bucheon,富 川,일반역,,,37.484066,126.782779,한국철도공사,경기도 부천시 소사구 부천로 1,1544-7788,2020-12-31
149,중동역,k0301,경인선,Jung-dong,中 洞,일반역,,,37.486664,126.764474,한국철도공사,경기도 부천시 소사구 중동로 73,1544-7788,2020-12-31
150,송내역,k0301,경인선,Songnae,松 內,일반역,,,37.487626,126.753045,한국철도공사,경기도 부천시 소사구 송내대로 43,1544-7788,2020-12-31
151,부개역,k0301,경인선,Bugae,富 開,일반역,,,37.488479,126.740549,한국철도공사,인천시 부평구 수변로 22,1544-7788,2020-12-31
152,부평역,k0301,경인선,Bupyeong,富 平,환승역,,경인/인천1,37.489457,126.724584,한국철도공사,인천시 부평구 광장로 16,1544-7788,2020-12-31
153,백운역,k0301,경인선,Baegun,白 雲,일반역,,,37.483301,126.707179,한국철도공사,인천시 부평구 마장로 55번길 14,1544-7788,2020-12-31
154,동암역,k0301,경인선,Dongam,銅 岩,일반역,,,37.470835,126.703016,한국철도공사,인천시 부평구 동암광장로 10,1544-7788,2020-12-31
155,간석역,k0301,경인선,Ganseok,間 石,일반역,,,37.464689,126.693408,한국철도공사,인천시 남동구 석정로 522-14,1544-7788,2020-12-31
156,주안역,k0301,경인선,Juan,朱 安,환승역,,경인/인천2,37.465041,126.680702,한국철도공사,인천시 남구 주안로 95-19,1544-7788,2020-12-31
157,도화역,k0301,경인선,Dohwa,道 禾,일반역,,,37.466154,126.66846,한국철도공사,인천시 남구 숙골로 24번길 9,1544-7788,2020-12-31
148,명학역,k0201,경부선,Myeonghak,鳴 鶴,일반역,,,37.384435,126.935579,한국철도공사,경기도 안양시 만안구 만안로 20,1544-7788,2020-12-31
158,제물포역,k0301,경인선,Jemulpo,濟物浦,일반역,,,37.466809,126.657165,한국철도공사,인천시 남구 경인로 129,1544-7788,2020-12-31
159,도원역,k0301,경인선,Dowon,桃 源,일반역,,,37.468604,126.642824,한국철도공사,인천시 동구 참외전로 245,1544-7788,2020-12-31
160,동인천역,k0301,경인선,Dongincheon,東仁川,일반역,,,37.475414,126.632598,한국철도공사,인천시 중구 참외전로 119,1544-7788,2020-12-31
161,인천역,k0301,경인선,Incheon,仁 川,환승역,k0301+k2015,경인/수인,37.476364,126.616936,한국철도공사,인천시 중구 제물량로 269,1544-7788,2020-12-31
435,선바위역,k0303,과천선,Seonbawi,,일반역,,,37.451854,127.002164,한국철도공사,경기도 과천시 중앙로 440,1544-7788,2020-12-31
436,경마공원역,k0303,과천선,Seoul Racecourse park,競 馬公 園,일반역,,,37.443987,127.007899,한국철도공사,경기도 과천시 경마공원대로 105,1544-7788,2020-12-31
437,대공원역,k0303,과천선,Seoul Grand park,大公園,일반역,,,37.435724,127.006474,한국철도공사,경기도 과천시 대공원로 50,1544-7788,2020-12-31
438,과천역,k0303,과천선,Gwacheon,果 川,일반역,,,37.433205,126.996404,한국철도공사,경기도 과천시 별양로 지하 177,1544-7788,2020-12-31
439,정부과천청사역,k0303,과천선,Government Complex Gwacheon,政府果川廳舍,일반역,,,37.426445,126.989802,한국철도공사,경기도 과천시 중앙로 지하 100,1544-7788,2020-12-31
417,이천역,k0218,경강선,Icheon,利川,일반역,,,37.264222,127.442135,한국철도공사,경기도 이천시 율현동 435,1544-7788,2020-12-31
418,부발역,k0218,경강선,Bubal,夫鉢,일반역,,,37.260411,127.490303,한국철도공사,경기도 이천시 부발읍 아미리 505-7,1544-7788,2020-12-31
419,세종대왕릉역,k0218,경강선,Sejongdaewangneung,世宗大王陵,일반역,,,37.293636,127.570764,한국철도공사,경기도 여주시 능서면 신지리 275,1544-7788,2020-12-31
420,여주역,k0218,경강선,Yeoju,驪州,일반역,,,37.282881,127.628571,한국철도공사,경기도 여주시 교동 403-1,1544-7788,2020-12-31
166,성환역,k0201,경부선,Seonghwan,成 歡,일반역,,,36.915781,127.127007,한국철도공사,충남 천안시 서북구 성환읍 성롼1로 237-5(성환리 449-128),1544-7788,2020-12-31
167,직산역,k0201,경부선,Jiksan,稷 山,일반역,,,36.870921,127.143774,한국철도공사,충남 천안시 서북구 직산읍 천안대로 1471-33,1544-7788,2020-12-31
168,두정역,k0201,경부선,Dujeong,斗 井,일반역,,,36.833791,127.148905,한국철도공사,충남 천안시 서북구 두정로 289(두정동 84-1),1544-7788,2020-12-31
169,천안역,k0201,경부선,Cheonan,天 安,일반역,,,36.810238,127.146417,한국철도공사,충남 천안시 동남구 대흥로 239(대흥동 57-1),1544-7788,2020-12-31
170,봉명역,k0208,장항선,Bongmyeong,鳳鳴,일반역,,,36.801578,127.136319,한국철도공사,충남 천안시 동남구 차돌로 51(봉명동 20-2),1544-7788,2020-12-31
171,쌍용(나사렛대)역,k0208,장항선,Ssangyong(Korea Nazarene Univ.),雙龍(拿撒勒大),일반역,,,36.793745,127.121363,한국철도공사,충청남도 천안시 서북구 쌍용2동 426-3,1544-7788,2020-12-31
172,아산역,k0208,장항선,Asan,牙 山,일반역,,,36.792195,127.105049,한국철도공사,충남 아산시 배방읍 희망로 90(장재리 325-3),1544-7788,2020-12-31
174,배방역,k0208,장항선,Baebang,排 芳,일반역,,,36.777541,127.052751,한국철도공사,충남 아산시 배방읍 온천대로 1967,1544-7788,2020-12-31
176,온양온천역,k0208,장항선,Onyangoncheon,溫陽溫泉,일반역,,,36.780419,127.003707,한국철도공사,충남 아산시 온천대로 1496(온천동 56-9),1544-7788,2020-12-31
177,신창(순천향대)역,k0208,장항선,Sinchang (Soonchunhyang Univ.),신 창,일반역,,,36.769213,126.950129,한국철도공사,충남 아산시 신창면 행목로 50,1544-7788,2020-12-31
410,부전역,k0211,동해선,Bujeon,釜 田,일반역,,,35.164668,129.06011,한국철도공사,부산광역시 부산진구 부전동 280-76,1544-7788,2020-12-31
411,거제해맞이역,k0211,동해선,Geojehaemaji,巨堤해맞이,환승역,,부산지하철3호선,35.182197,129.069315,한국철도공사,부산광역시 연제구 거제동 619-1,1544-7788,2020-12-31
412,거제역,k0211,동해선,Geoje,巨 堤,일반역,,,35.188587,129.073904,한국철도공사,부산광역시 연제구 거제동 619-1,1544-7788,2020-12-31
413,교대역,k0211,동해선,Busan Nat’l Univ. of Edu,敎 大,환승역,,부산지하철1호선,37.492975,127.013814,한국철도공사,부산광역시 연제구 거제동 42-3,1544-7788,2020-12-31
414,동래역,k0211,동해선,Dongnae,東 萊,일반역,,,35.205614,129.078502,한국철도공사,부산광역시 동래구 낙민동 130-4,1544-7788,2020-12-31
415,안락역,k0211,동해선,Allak,安 樂,일반역,,,35.195907,129.101062,한국철도공사,부산광역시 동래구 안락동 201-2,1544-7788,2020-12-31
417,재송역,k0211,동해선,Jaesong,裁 松,일반역,,,35.189,129.120919,한국철도공사,부산광역시 해운대구 재송동 933-1,1544-7788,2020-12-31
418,센텀역,k0211,동해선,Centum,-,일반역,,,35.168921,129.131659,한국철도공사,부산광역시 해운대구 우동 1215-32,1544-7788,2020-12-31
419,벡스코역,k0211,동해선,BEXCO,-,환승역,,부산지하철2호선,35.16899,129.13868,한국철도공사,부산광역시 해운대구 우동 1111-2,1544-7788,2020-12-31
420,신해운대역,k0211,동해선,Shin-Haeundae,新海雲臺,일반역,,,35.181832,129.176696,한국철도공사,부산광역시 해운대구 좌동 138-4,1544-7788,2020-12-31
421,송정역,k0211,동해선,Songjeong,松 亭,일반역,,,35.137559,126.791535,한국철도공사,부산광역시 해운대구 송정동 299-2,1544-7788,2020-12-31
422,오시리아역,k0211,동해선,OSIRIA,-,일반역,,,35.196256,129.208291,한국철도공사,부산광역시 기장군 기장읍 당사리 261,1544-7788,2020-12-31
423,기장역,k0211,동해선,Gijang,機 張,일반역,,,35.243027,129.218551,한국철도공사,부산광역시 기장군 기장읍 청강리 25-16,1544-7788,2020-12-31
424,일광역,k0211,동해선,Ilgwang,日 光,일반역,,,35.265565,129.233307,한국철도공사,부산광역시 기장군 일광면 이천리 750-4,1544-7788,2020-12-31
144,광명역,k0201,고속선,Gwangmyeong,光 明,일반역,,,37.415995,126.884523,한국철도공사,경기도 광명시 광명역로 21,1544-7788,2020-12-31
145,석수역,k0201,경부선,Seoksu,石 水,일반역,,,37.435161,126.902233,한국철도공사,경기도 안양시 만안구 경수대로 1431,1544-7788,2020-12-31
146,관악역,k0201,경부선,Gwanak,冠 岳,일반역,,,37.419578,126.908476,한국철도공사,경기도 안양시 만안구 경수대로 1273번길 46,1544-7788,2020-12-31
147,안양역,k0201,경부선,Anyang,安 養,일반역,,,37.401929,126.922647,한국철도공사,경기도 안양시 만안구 만안로 232,1544-7788,2020-12-31
329,운정역,k0203,경의중앙선,Unjeong,雲 井,일반역,,,37.725441,126.767076,한국철도공사,경기도 파주시 운정역길 368(야당동 299-4번지),1544-7788,2020-12-31
330,금릉역,k0203,경의중앙선,Geumneung,金 陵,일반역,,,37.751295,126.765401,한국철도공사,경기도 파주시 금촌동 금릉로 129,1544-7788,2020-12-31
331,금촌역,k0203,경의중앙선,Geumchon,金 村,일반역,,,37.766106,126.774515,한국철도공사,경기도 파주시 새꽃로 193,1544-7788,2020-12-31
333,월롱역,k0203,경의중앙선,Wollong,月 籠,일반역,,,37.796201,126.792574,한국철도공사,경기도 파주시 월롱면 통일로 980,1544-7788,2020-12-31
334,파주역,k0203,경의중앙선,Paju,坡 州,일반역,,,37.815391,126.792426,한국철도공사,경기도 파주시 파주읍 주라위길 38,1544-7788,2020-12-31
335,문산역,k0203,경의중앙선,Munsan,汶 山,일반역,,,37.854565,126.787531,한국철도공사,경기도 파주시 문산읍 문산역로 94,1544-7788,2020-12-31
134,남영역,k0201,경부선,Namyeong,南 營,일반역,,,37.540597,126.971171,한국철도공사,서울시 용산구 한강대로 77길 25(갈월동),1544-7788,2020-12-31
135,용산역,k0201,경부선,Yongsan,龍 山,환승역,k0201+k0205,경부/경원/경의중앙,37.52989,126.964775,한국철도공사,서울시 용산구 한강대로 23길 55(한강로 3가 40-999),1544-7788,2020-12-31
319,지축역,k0305,일산선,Jichuk,紙 杻,일반역,,,37.648114,126.913746,한국철도공사,경기도 고양시 덕양구 삼송로 300(지축동),1544-7788,2020-12-31
318,삼송역,k0305,일산선,Samsong,三 松,일반역,,,37.653096,126.895559,한국철도공사,경기도 고양시 덕양구 삼송로 205번길(삼송동 20-14),1544-7788,2020-12-31
317,원흥역,k0305,일산선,Wonheung,元興,일반역,,,37.650709,126.873239,한국철도공사,경기도 고양시 덕양구 원흥동 569-15,1544-7788,2020-12-31
316,원당역,k0305,일산선,Wondang,元 堂,일반역,,,37.653103,126.842891,한국철도공사,경기도 고양시 덕양구 덕양대로 1429(성사1동 4100-7),1544-7788,2020-12-31
315,화정역,k0305,일산선,Hwajeong,花 井,일반역,,,37.637837,126.832503,한국철도공사,경기도 고양시 덕양구 화정동 400-2,1544-7788,2020-12-31
322,대곡역,k0203,경의중앙선,Daegok,大 谷,환승역,k0203+k0305,일산/경의중앙,37.631629,126.811025,한국철도공사,경기도 고양시 덕양구 대주로 107번길 71-81(대장동 420-1),1544-7788,2020-12-31
313,백석역,k0305,일산선,Baekseok,白 石,일반역,,,37.642973,126.788109,한국철도공사,경기도 고양시 일산동구 중앙로 1042,1544-7788,2020-12-31
312,마두역,k0305,일산선,Madu,馬 頭,일반역,,,37.652185,126.777641,한국철도공사,경기도 고양시 일산동구 중앙로 지하 1180(마두동),1544-7788,2020-12-31
311,정발산역,k0305,일산선,Jeongbalsan,鼎鉢山,일반역,,,37.659709,126.773254,한국철도공사,경기도 고양시 일산동구 마두 1동 1123(일산동구 중앙로 1270),1544-7788,2020-12-31
310,주엽역,k0305,일산선,Juyeop,注 葉,일반역,,,37.670138,126.761232,한국철도공사,경기도 고양시 일산서구 중앙로 1432(주엽동 166-7),1544-7788,2020-12-31
309,대화역,k0305,일산선,Daehwa,大 化,일반역,,,37.675883,126.747756,한국철도공사,경기도 고양시 일산서구 중앙로 1569(대화동 2221),1544-7788,2020-12-31
111,이촌역,k0205,경의중앙선,Ichon,二 村,환승역,,경의중앙/4,37.522476,126.973816,한국철도공사,서울시 용산구 이촌로 71길 42,1544-7788,2020-12-31
112,서빙고역,k0203,경의중앙선,Seobinggo,西氷庫,일반역,,,37.51961,126.988358,한국철도공사,서울시 용산구 서빙고로 238(서빙고동 241-11),1544-7788,2020-12-31
113,한남역,k0205,경의중앙선,Hannam,漢 南,일반역,,,37.529361,127.008984,한국철도공사,서울시 용산구 독서당로6길 12-13(한남동),1544-7788,2020-12-31
136,노량진역,k0201,경부선,Noryangjin,鷺梁津,환승역,,경부/9,37.514072,126.941671,한국철도공사,서울시 동작구 노량진로 151,1544-7788,2020-12-31
137,대방역,k0201,경부선,Daebang,大 方,일반역,,,37.513392,126.926407,한국철도공사,서울시 영등포구 여의대방로 300,1544-7788,2020-12-31
138,신길역,k0201,경부선,Singil,新 吉,환승역,,경부/5,37.517018,126.917743,한국철도공사,서울시 영등포구 영등포로 327,1544-7788,2020-12-31
139,영등포역,k0201,경부선,Yeongdeungpo,永登浦,일반역,,,37.515756,126.907411,한국철도공사,서울시 영등포구 경인로 846(영등포동 1가 618-496),1544-7788,2020-12-31
140,신도림역,k0201,경부선,Sindorim,新道林,환승역,,경부/2,37.508983,126.891513,한국철도공사,서울시 구로구 새말로 117-21,1544-7788,2020-12-31
141,구로역,k0201,경부선,Guro,九 老,환승역,k0201+k0301,경부/경인,37.503178,126.882037,한국철도공사,서울시 구로구 구로중앙로 174,1544-7788,2020-12-31
142,가산디지털단지역,k0201,경부선,Gasan Digital Complex,加山디지털團 地,환승역,,경부/7,37.481568,126.882628,한국철도공사,서울시 금천구 벚꽃로 309,1544-7788,2020-12-31
143,독산역,k0201,경부선,Doksan,禿 山,일반역,,,37.465994,126.889508,한국철도공사,서울시 금천구 벚꽃로 115,1544-7788,2020-12-31
144,금천구청역,k0201,경부선,Geumcheon-Gu Office,衿川區廳,환승역,k0201+k2012,경부/광명셔틀,37.45576,126.894344,한국철도공사,서울시 금천구 시흥대로 63길 91,1544-7788,2020-12-31
149,금정역,k0201,경부선,Geumjeong,衿 井,환승역,,경부/4,37.371957,126.943611,한국철도공사,경기도 군포시 군포로 750,1544-7788,2020-12-31
150,군포역,k0201,경부선,Gunpo,軍 浦,일반역,,,37.353732,126.948517,한국철도공사,경기도 군포시 군포역1길 27,1544-7788,2020-12-31
151,당정역,k0201,경부선,Dangjeong,當井,일반역,,,37.34338,126.948388,한국철도공사,경기도 군포시 당정역로 91,1544-7788,2020-12-31
152,의왕역,k0201,경부선,Uiwang,義 王,일반역,,,37.320648,126.948099,한국철도공사,경기도 의왕시 철도박물관로 66(삼동),1544-7788,2020-12-31
153,성균관대역,k0201,경부선,Sungkyunkwan Univ.,成 均 館 大,일반역,,,37.300344,126.970861,한국철도공사,경기도 수원시 장안구 서부로 2149,1544-7788,2020-12-31
154,화서역,k0201,경부선,Hwaseo,華 西,일반역,,,37.28399,126.989581,한국철도공사,경기도 수원시 팔달구 덕영대로 692,1544-7788,2020-12-31
245,수원(분당)역,k0304,분당선,Suwon,水 原,환승역,k0304+k0201,경부/분당,37.266162,126.999821,한국철도공사,경기도 수원시 팔달구 덕영대로 924,1544-7788,2020-12-31
440,인덕원역,k0303,과천선,Indeogwon,仁德院,일반역,,,37.401901,126.976818,한국철도공사,경기도 안양시 동안구 흥안대로 529,1544-7788,2020-12-31
441,평촌역,k0303,과천선,Pyeongchon,坪 村,일반역,,,37.394346,126.963881,한국철도공사,경기도 안양시 동안구 부림로 지하 123,1544-7788,2020-12-31
442,범계역,k0303,과천선,Beomgye,凡溪,일반역,,,37.389783,126.950752,한국철도공사,경기도 안양시 동안구 동안로 지하 130,1544-7788,2020-12-31
444,산본역,k0302,안산선,Sanbon,山 本,일반역,,,37.358019,126.932969,한국철도공사,경기도 군포시 번영로 504,1544-7788,2020-12-31
445,수리산역,k0302,안산선,Surisan,修理山,일반역,,,37.350297,126.925537,한국철도공사,경기도 군포시 번영로 385,1544-7788,2020-12-31
446,대야미역,k0302,안산선,Daeyami,大夜味,일반역,,,37.328304,126.917161,한국철도공사,경기도 군포시 대야1로 28,1544-7788,2020-12-31
447,반월역,k0302,안산선,Banwol,半 月,일반역,,,37.312244,126.903684,한국철도공사,경기도 안산시 상록구 건건로 119-10,1544-7788,2020-12-31
448,상록수역,k0302,안산선,Sangnoksu,常綠樹,일반역,,,37.302845,126.866533,한국철도공사,경기도 안산시 상록구 상록수로 61,1544-7788,2020-12-31
450,중앙역,k0302,안산선,Jungang,中 央,일반역,,,37.316055,126.838532,한국철도공사,경기도 안산시 단원구 중앙대로 918,1544-7788,2020-12-31
449,한대앞역,k0302,안산선,Hangyang Univ. at Ansan,漢大앞,일반역,,,37.309685,126.853656,한국철도공사,경기도 안산시 상록구 충장로 337,1544-7788,2020-12-31
451,고잔역,k0302,안산선,Gojan,古 棧,일반역,,,37.316821,126.823094,한국철도공사,경기도 안산시 단원구 중앙대로 784,1544-7788,2020-12-31
452,초지역,k0302,안산선,Choji,草 芝,일반역,,,37.320583,126.806151,한국철도공사,경기도 안산시 단원구 중앙대로 620,1544-7788,2020-12-31
453,안산역,k0302,안산선,Ansan,安 山,일반역,,,37.327006,126.788748,한국철도공사,경기도 안산시 단원구 중앙대로 462,1544-7788,2020-12-31
454,신길온천역,k0302,안산선,Singiloncheon,新 吉溫 泉,일반역,,,37.337488,126.767306,한국철도공사,경기도 안산시 단원구 황고개로 2,1544-7788,2020-12-31
455,정왕역,k0302,안산선,Jeongwang,正 往,일반역,,,37.351816,126.742844,한국철도공사,경기도 시흥시 마유로 418길 15,1544-7788,2020-12-31
456,오이도역,k0302,안산선,Oido,烏耳島,환승역,k0302+k2015,안산/수인,37.361773,126.738437,한국철도공사,경기도 시흥시 역전로 430,1544-7788,2020-12-31
246,고색,K2015,수인선,Gosaek,古索,일반역,,,37.248829,126.977899,한국철도공사,경기도 수원시 권선구 매송고색로 지하690(고색동),1544-7788,2020-12-31
247,오목천,K2015,수인선,Omokcheon,梧木川,일반역,,,37.243011,126.9636354,한국철도공사,경기도 수원시 권선구 삼천병마로 1576(오목천동),1544-7788,2020-12-31
248,어천,K2015,수인선,Eocheon,漁川,일반역,,,37.250076,126.908805,한국철도공사,경기도 화성시 매송면 화성로 2227-5(어천리),1544-7788,2020-12-31
249,야목,K2015,수인선,Yamok,野牧,일반역,,,37.261011,126.88429,한국철도공사,경기도 화성시 매송면 본오매송로 286(야목리),1544-7788,2020-12-31
250,사리,K2015,수인선,Sari,四理,일반역,,,37.289982,126.856872,한국철도공사,경기도 안산시 상록구 충장로 93(사동),1544-7788,2020-12-31
251,한대앞,K2015,수인선,Hangyang Univ. at Ansan,漢大앞,환승역,K2015,수인/4,37.309685,126.853656,한국철도공사,경기도 안산시 상록구 충장로 337,1544-7788,2020-12-31
252,중앙,K2015,수인선,Jungang,中央,환승역,K2015,수인/4,37.316055,126.838532,한국철도공사,경기도 안산시 단원구 중앙대로 918,1544-7788,2020-12-31
253,고잔,K2015,수인선,Gojan,古棧,환승역,K2015,수인/4,37.316821,126.823094,한국철도공사,경기도 안산시 상록구 충장로 337,1544-7788,2020-12-31
254,초지,K2015,수인선,Choji,草芝,환승역,K2015,수인/4,37.320583,126.806151,한국철도공사,경기도 안산시 단원구 중앙대로 784,1544-7788,2020-12-31
255,안산,K2015,수인선,Ansan,安山,환승역,K2015,수인/4,37.327006,126.788748,한국철도공사,경기도 안산시 단원구 중앙대로 620,1544-7788,2020-12-31
256,신길온천,K2015,수인선,Singiloncheon,新吉溫泉,환승역,K2015,수인/4,37.337488,126.767306,한국철도공사,경기도 안산시 단원구 중앙대로 462,1544-7788,2020-12-31
257,정왕,K2015,수인선,Jeongwang,正往(韓國産業技術大),환승역,K2015,수인/4,37.351816,126.742844,한국철도공사,경기도 안산시 단원구 황고개로 2,1544-7788,2020-12-31
258,오이도,K2015,수인선,Oido,烏耳島,환승역,K2015,수인/4,37.361773,126.738437,한국철도공사,경기도 시흥시 역전로 430,1544-7788,2020-12-31
259,달월역,K2015,수인선,Darwol,達月,일반역,,,37.379993,126.745431,한국철도공사,경기도 시흥시 서해안로 736번길 55(월곶동),1544-7788,2020-12-31
260,월곶역,K2015,수인선,Wolgot,月串,일반역,,,37.39189,126.742741,한국철도공사,경기도 시흥시 월곶 중앙로 14번길,1544-7788,2020-12-31
261,소래포구역,K2015,수인선,Soraepogu,蘇來浦口,일반역,,,37.400963,126.733533,한국철도공사,인천시 남동구 소래역로 51,1544-7788,2020-12-31
262,인천논현역,K2015,수인선,Incheon Nonhyeon,仁川論峴,일반역,,,37.400641,126.722495,한국철도공사,인천시 남동구 청능대로 567,1544-7788,2020-12-31
263,호구포역,K2015,수인선,Hogupo,虎口浦,일반역,,,37.401622,126.708682,한국철도공사,인천시 남동구 호구포로 205,1544-7788,2020-12-31
264,남동인더스파크역,K2015,수인선,Namdong Induspark,,일반역,,,37.407868,126.695613,한국철도공사,인천광역시 남동구 고잔동 970-14,1544-7788,2020-12-31
265,원인재역,K2015,수인선,Woninjae,源仁齋,환승역,K2015,수인/인천1,37.412921,126.686952,한국철도공사,인천시 연수구 벚꽃로 195,1544-7788,2020-12-31
266,연수역,K2015,수인선,Yeonsu,延壽,일반역,,,37.417769,126.678991,한국철도공사,인천시 연수구 벚꽃로 115,1544-7788,2020-12-31
267,송도역,K2015,수인선,Songdo,松島,일반역,,,37.417769,126.678991,한국철도공사,인천시 연수구 비류대로 175(옥련동),1544-7788,2020-12-31
269,인하대역,K2015,수인선,Inha Univ.,仁荷大,일반역,,,37.448191,126.649832,한국철도공사,인천시 남구 용현동 294-3,1544-7788,2020-12-31
270,숭의역,K2015,수인선,Sungui,崇 義,일반역,,,37.460891,126.638035,한국철도공사,인천시 남구 인주대로 지하6,1544-7788,2020-12-31
271,신포역,K2015,수인선,Sinpo,新 浦,일반역,,,37.468442,126.624509,한국철도공사,인천시 중구 사동 26-19,1544-7788,2020-12-31
114,옥수역,k0205,경의중앙선,Oksu,玉 水,환승역,,경의중앙/3,37.540514,127.018698,한국철도공사,서울시 성동구 동호로 지하21(옥수동),1544-7788,2020-12-31
115,응봉역,k0205,경의중앙선,Eungbong,鷹 峰,일반역,,,37.550433,127.034824,한국철도공사,서울시 성동구 고산자로 123(응봉동),1544-7788,2020-12-31
272,인천,K2015,수인선,Incheon,仁川,환승역,k0301+k2015,경인/수인,37.476364,126.616936,한국철도공사,인천시 중구 제물량로 269,1544-7788,2020-12-31
